{
"d0_mu" :     [0.8386, 0.0499, 0.9699, 0.0452, 0.7579, 0.0488, 0.8845, 0.0494, 0.8200, 0.0501, 0.8586, 0.0509],
"d0" :        [0.7901, 0.0272, 0.8181, 0.0241, 0.8091, 0.0298, 0.8036, 0.0286, 0.7901, 0.0272, 0.8077, 0.0.0275],
"jpsi" :      [0.8109, 0.0473, 0.8895, 0.0431, 0.8123, 0.0517, 0.81085, 0.0473, 0.81085, 0.0473, 0.8127, 0.0475]
}
